filename,date,year,month,title,word_count,category,is_repost
2017-11-22_我是阿信——初次见面，以后的你我来关照.txt,2017-11-22,2017,11,我是——初次见面，以后的你我来关照,866,公益项目,False
2018-02-06_阿信说｜政府掏钱给你办事，你真的了解吗？.txt,2018-02-06,2018,2,｜政府掏钱给你办事，你真的了解吗？,1682,评估方法,False
2018-02-23_「转」转载｜评估？！借我借我一双慧眼吧.txt,2018-02-23,2018,2,「转」转载｜评估？！借我借我一双慧眼吧,1718,评估方法,True
2018-02-23_阿信说｜另一种花钱法儿，影响力投资.txt,2018-02-23,2018,2,｜另一种花钱法儿，影响力投资,1907,评估方法,False
2018-03-06_阿信策话｜重要政府购买政策一览.txt,2018-03-06,2018,3,｜重要政府购买政策一览,368,政策动态,False
2018-03-06_阿信说｜以变应万变，评估里的“战斗机”——发展性评估来了.txt,2018-03-06,2018,3,｜以变应万变，评估里的“战斗机”——发展性评估来了,1517,评估方法,False
2018-03-14_“重程序 轻结果”？全国政购投诉举报案件翻2倍.txt,2018-03-14,2018,3,“重程序 轻结果”？全国政购投诉举报案件翻2倍,1319,政策动态,False
2018-03-14_「转」转载｜如何确定项目预期成果？试试5W1H法.txt,2018-03-14,2018,3,「转」转载｜如何确定项目预期成果？试试5W1H法,1884,评估方法,True
2018-03-14_阿信说丨影响力投资者必备指南：IRIS影响力报告和投资标准的使用.txt,2018-03-14,2018,3,丨影响力投资者必备指南：IRIS影响力报告和投资标准的使用,2196,政策动态,False
2018-03-21_阿信策话｜2017年287个市级社会组织评估结果公告出炉.txt,2018-03-21,2018,3,｜2017年287个市级社会组织评估结果公告出炉,1101,政策动态,False
2018-03-21_生活方式新指南 他们推荐你去这里参加靠谱的公益活动.txt,2018-03-21,2018,3,生活方式新指南 他们推荐你去这里参加靠谱的公益活动,1724,评估方法,False
2018-03-21_转载｜田野调研，到底是一种什么体验？.txt,2018-03-21,2018,3,转载｜田野调研，到底是一种什么体验？,2935,评估方法,True
2018-03-28_干货丨3步学会政购服务项目的预算编制.txt,2018-03-28,2018,3,干货丨3步学会政购服务项目的预算编制,177,政策动态,False
2018-03-28_政府采购法修订的立法研究将列入日程.txt,2018-03-28,2018,3,政府采购法修订的立法研究将列入日程,1349,政策动态,False
2018-03-28_转载丨社区草根组织资助怎么做.txt,2018-03-28,2018,3,转载丨社区草根组织资助怎么做,497,公益项目,True
2018-04-04_荐书丨管理的核心是人，项目是人与人的故事.txt,2018-04-04,2018,4,荐书丨管理的核心是人，项目是人与人的故事,1848,公益项目,False
2018-04-04_「转」转载丨从摄影的角度探索改善自闭症群体的社交体验.txt,2018-04-04,2018,4,「转」转载丨从摄影的角度探索改善自闭症群体的社交体验,4642,公益项目,True
2018-04-04_师夷长技 快速看评估发展历史.txt,2018-04-04,2018,4,师夷长技 快速看评估发展历史,1208,评估方法,False
2018-04-04_河南政府采购管理不断创新.txt,2018-04-04,2018,4,河南政府采购管理不断创新,1106,政策动态,False
2018-04-11_尽职调查，如何才“尽职”？.txt,2018-04-11,2018,4,尽职调查，如何才“尽职”？,2132,评估方法,False
2018-04-11_民政部办公厅关于做好志愿服务组织身份标识工作的通知.txt,2018-04-11,2018,4,民政部办公厅关于做好志愿服务组织身份标识工作的通知,1063,政策动态,False
2018-04-11_「转」转载｜他们用了5种方法去解决农村学生的营养问题，发现最有效的居然是…….txt,2018-04-11,2018,4,「转」转载｜他们用了5种方法去解决农村学生的营养问题，发现最有效的居然是……,8457,评估方法,True
2018-04-11_尽职调查起源小野史.txt,2018-04-11,2018,4,尽职调查起源小野史,1426,转载,False
2018-04-18_世界读书日丨评估人都看什么专业书？.txt,2018-04-18,2018,4,世界读书日丨评估人都看什么专业书？,2771,评估方法,False
2018-04-18_助残服务如火如荼，了解我国政府购买助残服务.txt,2018-04-18,2018,4,助残服务如火如荼，了解我国政府购买助残服务,1953,评估方法,False
2018-04-18_北京市第十批认定慈善组织名单发布.txt,2018-04-18,2018,4,北京市第十批认定慈善组织名单发布,1266,评估方法,False
2018-04-18_转载｜了解这18个超前的概念，你也可以开始“为善意而设计“（下）.txt,2018-04-18,2018,4,转载｜了解这18个超前的概念，你也可以开始“为善意而设计“（下）,5555,ESG/可持续,True
2018-04-26_多元化、精品化、专业化 第三方评估如何应对政购助残服务的发展趋势？.txt,2018-04-26,2018,4,多元化、精品化、专业化 第三方评估如何应对政购助残服务的发展趋势？,2766,政策动态,False
2018-04-26_第二批慈善组织互联网募捐信息平台筛选结构公示.txt,2018-04-26,2018,4,第二批慈善组织互联网募捐信息平台筛选结构公示,1405,政策动态,False
2018-04-26_转载｜社会服务项目的评估与检测101.txt,2018-04-26,2018,4,转载｜社会服务项目的评估与检测101,3119,评估方法,True
2018-05-04_干货丨益生信×红基会 乡村医生培训计划项目评估报告精华速览.txt,2018-05-04,2018,5,干货丨×红基会 乡村医生培训计划项目评估报告精华速览,1776,评估方法,False
2018-05-04_共创、共享、共治  首个“公益行业评估支持平台”发布.txt,2018-05-04,2018,5,共创、共享、共治  首个“公益行业评估支持平台”发布,1144,评估方法,False
2018-05-04_87家中央部门政采预算“集中亮相”.txt,2018-05-04,2018,5,87家中央部门政采预算“集中亮相”,1151,政策动态,False
2018-05-04_「转」汶川10年了，还有哪些我们不知道我们不知道的？｜ 严肃科个普.txt,2018-05-04,2018,5,「转」汶川10年了，还有哪些我们不知道我们不知道的？｜ 严肃科个普,2046,转载,True
2018-05-11_「转」回望汶川十年：中国地震救援能力还有什么短板？ ｜ 今日话题.txt,2018-05-11,2018,5,「转」回望汶川十年：中国地震救援能力还有什么短板？ ｜ 今日话题,2480,转载,True
2018-05-11_北京将启动养老服务质量检查.txt,2018-05-11,2018,5,北京将启动养老服务质量检查,1468,政策动态,False
2018-05-11_后来的他们丨十年前汶川地震中的项目生长记.txt,2018-05-11,2018,5,后来的他们丨十年前汶川地震中的项目生长记,859,评估方法,False
2018-05-11_汶川重建项目思考：当评估完毕，项目就结束了吗？.txt,2018-05-11,2018,5,汶川重建项目思考：当评估完毕，项目就结束了吗？,1558,政策动态,False
2018-05-19_「转」双重歧视围困下的残障女性.txt,2018-05-19,2018,5,「转」双重歧视围困下的残障女性,2637,转载,True
2018-05-19_助残日：从残障人士的角度出发，什么是最好的帮助？.txt,2018-05-19,2018,5,助残日：从残障人士的角度出发，什么是最好的帮助？,1774,评估方法,False
2018-05-19_民政局发布关于在社会组织章程增加有关内容的通知.txt,2018-05-19,2018,5,民政局发布关于在社会组织章程增加有关内容的通知,1926,政策动态,False
2018-05-31_实习就得带劲儿丨公益评估、公益传播招聘.txt,2018-05-31,2018,5,实习就得带劲儿丨公益评估、公益传播招聘,1657,评估方法,False
2018-05-31_「转」转载丨从关注产品原材料开始以求精准扶贫或可持续发展.txt,2018-05-31,2018,5,「转」转载丨从关注产品原材料开始以求精准扶贫或可持续发展,2511,评估方法,True
2018-05-31_习近平主席宣布我国将加快加入《政府采购协定》进程.txt,2018-05-31,2018,5,习近平主席宣布我国将加快加入《政府采购协定》进程,3166,政策动态,False
2018-06-07_答对了吗？我们给评估人出了几道考试题.txt,2018-06-07,2018,6,答对了吗？我们给评估人出了几道考试题,860,评估方法,False
2018-06-07_「转」转载丨医务社工：用钱解决不了的问题？我来！.txt,2018-06-07,2018,6,「转」转载丨医务社工：用钱解决不了的问题？我来！,5298,ESG/可持续,True
2018-06-07_发改委明确对中标结果公示异议的处理.txt,2018-06-07,2018,6,发改委明确对中标结果公示异议的处理,1482,政策动态,False
2018-06-12_只为初心，我们选择免费开放公益项目「自评估」测试.txt,2018-06-12,2018,6,只为初心，我们选择免费开放公益项目「自评估」测试,1059,评估方法,False
2018-06-21_如果给公益评估行业选一位足球明星作代言人.txt,2018-06-21,2018,6,如果给公益评估行业选一位足球明星作代言人,294,评估方法,False
2018-06-21_财政部启动2018年全国政府采购代理机构监督检查工作.txt,2018-06-21,2018,6,财政部启动2018年全国政府采购代理机构监督检查工作,1507,政策动态,False
2018-06-28_「转」重磅 ｜ 杨团：中国的大格局变了，但中国的公益慈善还缺乏适应性的大思考和战略发展规划.txt,2018-06-28,2018,6,「转」重磅 ｜ 杨团：中国的大格局变了，但中国的公益慈善还缺乏适应性的大思考和战略发展规划,4110,行业洞察,True
2018-06-28_阿信策话丨财政部公布第一批政府采购代理机构处罚公告.txt,2018-06-28,2018,6,丨财政部公布第一批政府采购代理机构处罚公告,962,政策动态,False
2018-07-09_「转」影响力投资 ｜ 用大数据服务20317个自然村寨、1000多万人这件事，他们几乎是用走路做到的.txt,2018-07-09,2018,7,「转」影响力投资 ｜ 用大数据服务20317个自然村寨、1000多万人这件事，他们几乎是用走路做到的,3361,数据与技术,True
2018-07-09_国采中心与北京市政府采购中心签订新版软件采购合作框架协议.txt,2018-07-09,2018,7,国采中心与北京市政府采购中心签订新版软件采购合作框架协议,2403,政策动态,False
2018-07-23_邀请丨壹基金联合救灾网络项目评估 竞争性谈判公告.txt,2018-07-23,2018,7,邀请丨壹基金联合救灾网络项目评估 竞争性谈判公告,2349,评估方法,False
2018-07-23_民政部党组专题研究部署民政领域脱贫攻坚三年行动.txt,2018-07-23,2018,7,民政部党组专题研究部署民政领域脱贫攻坚三年行动,2119,政策动态,False
2018-07-26_邀请丨壹基金海洋天堂计划项目评估 竞争性谈判公告.txt,2018-07-26,2018,7,邀请丨壹基金海洋天堂计划项目评估 竞争性谈判公告,1996,评估方法,False
2018-08-14_实习就得带劲儿丨公益评估、公益传播招聘.txt,2018-08-14,2018,8,实习就得带劲儿丨公益评估、公益传播招聘,2026,评估方法,False
2018-08-14_财政部《政府采购法》修订座谈会在内蒙古呼伦贝尔市召开.txt,2018-08-14,2018,8,财政部《政府采购法》修订座谈会在内蒙古呼伦贝尔市召开,2246,政策动态,False
2018-08-14_转载丨严打非法社会组织的2018年，我们等来了新的社会组织管理条例.txt,2018-08-14,2018,8,转载丨严打非法社会组织的2018年，我们等来了新的社会组织管理条例,3644,政策动态,True
2018-08-29_三位学者在国际公共采购大会共讲中国故事.txt,2018-08-29,2018,8,三位学者在国际公共采购大会共讲中国故事,1256,政策动态,False
2018-08-29_我们想与你协同进化丨公益评估全职招聘.txt,2018-08-29,2018,8,我们想与你协同进化丨公益评估全职招聘,2386,评估方法,False
2018-09-10_转载丨99公益日，一年一度的大狂欢，给盆冷水清醒一下.txt,2018-09-10,2018,9,转载丨99公益日，一年一度的大狂欢，给盆冷水清醒一下,2980,评估方法,True
2018-09-10_拿到筹款的第一件事 就是不要让你项目越管越穷丨99公益日.txt,2018-09-10,2018,9,拿到筹款的第一件事 就是不要让你项目越管越穷丨99公益日,3823,公益项目,False
2018-09-10_财政部酝酿遏制低价恶性竞争新举措.txt,2018-09-10,2018,9,财政部酝酿遏制低价恶性竞争新举措,1073,政策动态,False
2018-09-20_财政部规范有序推进政府和社会资本合作（PPP）工作.txt,2018-09-20,2018,9,财政部规范有序推进政府和社会资本合作（PPP）工作,1487,政策动态,False
2018-09-20_「转」转载丨被需要就不该被遗忘：谁能登上医务社工“英雄谱”.txt,2018-09-20,2018,9,「转」转载丨被需要就不该被遗忘：谁能登上医务社工“英雄谱”,3498,ESG/可持续,True
2018-09-20_内部分享丨公益评估是什么？为什么要做评估？.txt,2018-09-20,2018,9,内部分享丨公益评估是什么？为什么要做评估？,1164,评估方法,False
2018-09-26_中国与新西兰自贸协定升级谈判结束政府采购章节.txt,2018-09-26,2018,9,中国与新西兰自贸协定升级谈判结束政府采购章节,1647,政策动态,False
2018-09-26_赋能、共同看见、数据 三点放大评估对项目的作用力.txt,2018-09-26,2018,9,赋能、共同看见、数据 三点放大评估对项目的作用力,1803,评估方法,False
2018-09-26_转载丨公益行业评估支持平台交流会在京成功召开.txt,2018-09-26,2018,9,转载丨公益行业评估支持平台交流会在京成功召开,2103,评估方法,True
2018-09-30_好课推荐丨利用国庆七天，公益人可以学习什么？.txt,2018-09-30,2018,9,好课推荐丨利用国庆七天，公益人可以学习什么？,1504,评估方法,False
2018-10-30_【重磅来袭】中国基金会发展论坛·2018年会，苏州约起！.txt,2018-10-30,2018,10,【重磅来袭】中国基金会发展论坛·2018年会，苏州约起！,967,行业洞察,False
2018-11-08_公益组织成员少、流动性大 如何减少因「人」的问题导致「流产」的情况.txt,2018-11-08,2018,11,公益组织成员少、流动性大 如何减少因「人」的问题导致「流产」的情况,1610,公益项目,False
2018-11-10_给公益组织的双11清单 “早点下班不是梦”  (内含彩蛋）.txt,2018-11-10,2018,11,给公益组织的双11清单 “早点下班不是梦”  (内含彩蛋）,1895,评估方法,False
2018-12-12_好项目成长干货：内在逻辑、档案管理两手抓（内含工具大礼包）.txt,2018-12-12,2018,12,好项目成长干货：内在逻辑、档案管理两手抓（内含工具大礼包）,2460,评估方法,False
2018-12-20_转载 ｜ 读懂《关于建立健全基本公共服务标准体系的指导意见》.txt,2018-12-20,2018,12,转载 ｜ 读懂《关于建立健全基本公共服务标准体系的指导意见》,4134,政策动态,True
2018-12-20_国家发展改革委有关负责人就《关于建立健全基本公共服务标准体系的指导意见》答记者问.txt,2018-12-20,2018,12,国家发展改革委有关负责人就《关于建立健全基本公共服务标准体系的指导意见》答记者问,2383,政策动态,False
2019-01-03_阿里公益×i 志愿大学  以专业志愿服务为始，为团队埋下赋能的种子.txt,2019-01-03,2019,1,阿里公益×i 志愿大学  以专业志愿服务为始，为团队埋下赋能的种子,2282,行业洞察,False
2019-01-30_评估从来不是一件简单的事情.txt,2019-01-30,2019,1,评估从来不是一件简单的事情,3235,评估方法,False
2019-03-08_和我们一起激起变化的涟漪丨公益评估实习招聘.txt,2019-03-08,2019,3,和我们一起激起变化的涟漪丨公益评估实习招聘,2401,评估方法,False
2019-03-29_地球一小时丨还在问“熄灯有什么用？” 点开看就知道为什么了！.txt,2019-03-29,2019,3,地球一小时丨还在问“熄灯有什么用？” 点开看就知道为什么了！,3243,评估方法,False
2019-04-24_如何积极调动青年力量，推动社区可持续改善？（上）.txt,2019-04-24,2019,4,如何积极调动青年力量，推动社区可持续改善？（上）,6560,ESG/可持续,False
2019-04-24_这一次，我们想与你谈谈公益行业中的“钱”.txt,2019-04-24,2019,4,这一次，我们想与你谈谈公益行业中的“钱”,1401,评估方法,False
2019-05-05_评估全职招聘丨希望我们提供的是你想要的，而你恰好也是我们想要的.txt,2019-05-05,2019,5,评估全职招聘丨希望我们提供的是你想要的，而你恰好也是我们想要的,2553,评估方法,False
2019-05-08_开启你的评估思维丨如何积极调动青年力量，推动社区可持续性改善？（下）.txt,2019-05-08,2019,5,开启你的评估思维丨如何积极调动青年力量，推动社区可持续性改善？（下）,1655,评估方法,False
2019-06-19_「转」范式的升级｜u.lab-S（社会创新实验室）-团聚篇.txt,2019-06-19,2019,6,「转」范式的升级｜u.lab-S（社会创新实验室）-团聚篇,2411,评估方法,True
2019-06-19_“冰桶挑战”过后，别忘留存这些关键数据以便后续项目评估.txt,2019-06-19,2019,6,“冰桶挑战”过后，别忘留存这些关键数据以便后续项目评估,3969,评估方法,False
2019-07-18_“数据共生计划”全国招募丨让核心相关方更懂您的公益项目.txt,2019-07-18,2019,7,“数据共生计划”全国招募丨让核心相关方更懂您的公益项目,2741,行业洞察,False
2019-07-29_“数据共生计划”报名倒计时丨带您用数据呈现公益项目的价值.txt,2019-07-29,2019,7,“数据共生计划”报名倒计时丨带您用数据呈现公益项目的价值,2525,行业洞察,False
2019-08-20_公益项目数据怎么用？“数据共生计划”见面会精华内容曝光.txt,2019-08-20,2019,8,公益项目数据怎么用？“数据共生计划”见面会精华内容曝光,1907,评估方法,False
2019-08-28_助力99公益日，国内首套公益项目关键数据可视化图表｜“数据共生计划”特辑.txt,2019-08-28,2019,8,助力99公益日，国内首套公益项目关键数据可视化图表｜“数据共生计划”特辑,2574,评估方法,False
2019-09-04_99公益日，我没有被公益故事煽情，却多捐了￥10...这是为什么？.txt,2019-09-04,2019,9,99公益日，我没有被公益故事煽情，却多捐了￥10...这是为什么？,3300,公益项目,False
2019-09-04_助力99公益日，国内首套公益项目关键数据可视化图表｜“数据共生计划”特辑.txt,2019-09-04,2019,9,助力99公益日，国内首套公益项目关键数据可视化图表｜“数据共生计划”特辑,2574,评估方法,False
2019-10-17_公益项目成员的哪些工作习惯，会极大提升项目的效能丨数据共生计划.txt,2019-10-17,2019,10,公益项目成员的哪些工作习惯，会极大提升项目的效能丨数据共生计划,2418,评估方法,False
2019-10-17_共益生态丨SocialWiki联合益生信赋能高校社团，共建兴趣技能知识图谱.txt,2019-10-17,2019,10,共益生态丨SocialWiki联合赋能高校社团，共建兴趣技能知识图谱,291,评估方法,False
2019-10-30_公益项目管理漫话丨数据表的“革新”+日志的“鲇鱼效应”.txt,2019-10-30,2019,10,公益项目管理漫话丨数据表的“革新”+日志的“鲇鱼效应”,2836,评估方法,False
2019-11-14_认认真真工作，开开心心成长丨持续招聘公益项目评估实习生.txt,2019-11-14,2019,11,认认真真工作，开开心心成长丨持续招聘公益项目评估实习生,1668,评估方法,False
2020-01-09_面试怎么谈薪？这次招聘不一般 丨公益项目评估全职招聘.txt,2020-01-09,2020,1,面试怎么谈薪？这次招聘不一般 丨公益项目评估全职招聘,1709,评估方法,False
2020-01-15_来自评估人的干货祝福：一手掌握一年的精华 领取新春知识福袋！.txt,2020-01-15,2020,1,来自评估人的干货祝福：一手掌握一年的精华 领取新春知识福袋！,1138,评估方法,False
2020-01-16_来自评估人的干货祝福：一手掌握一年的精华 领取新春知识福袋！.txt,2020-01-16,2020,1,来自评估人的干货祝福：一手掌握一年的精华 领取新春知识福袋！,1138,评估方法,False
2020-03-03_公益 x 技术 玩着把活儿给干了！丨招技术研发实习生.txt,2020-03-03,2020,3,公益 x 技术 玩着把活儿给干了！丨招技术研发实习生,929,评估方法,False
2020-04-02_​给孩子选自闭症康复机构，家长怎么做到心里有谱？.txt,2020-04-02,2020,4,​给孩子选自闭症康复机构，家长怎么做到心里有谱？,4056,健康医疗,False
2020-04-22_在“时代的一粒灰”面前：凭什么我们这样的普通人会被需要？.txt,2020-04-22,2020,4,在“时代的一粒灰”面前：凭什么我们这样的普通人会被需要？,2655,其他,False
2020-05-07_这里氛围开心 项目明确 丨公益项目评估实习生招聘.txt,2020-05-07,2020,5,这里氛围开心 项目明确 丨公益项目评估实习生招聘,1707,评估方法,False
2020-05-15_助残日在线交流｜专家、机构、评估方：有效助残服务的实践与发展.txt,2020-05-15,2020,5,助残日在线交流｜专家、机构、评估方：有效助残服务的实践与发展,1357,评估方法,False
2020-05-17_助残日：从残障人士的角度出发，什么是最好的帮助？.txt,2020-05-17,2020,5,助残日：从残障人士的角度出发，什么是最好的帮助？,1824,公益项目,False
2020-05-17_往期精选｜助残服务如火如荼，了解我国政府购买助残服务.txt,2020-05-17,2020,5,往期精选｜助残服务如火如荼，了解我国政府购买助残服务,2146,评估方法,False
2020-05-17_往期精选｜政购助残服务多元化、精品化、专业化 第三方评估如何应对发展趋势？.txt,2020-05-17,2020,5,往期精选｜政购助残服务多元化、精品化、专业化 第三方评估如何应对发展趋势？,2768,政策动态,False
2020-05-22_精华版｜“有效助残服务的实践与发展”线上交流了哪些干货？.txt,2020-05-22,2020,5,精华版｜“有效助残服务的实践与发展”线上交流了哪些干货？,6108,评估方法,False
2020-06-03_应对评估，总要准备大量书面材料怎么办？｜“有效助残服务”圆桌对话回顾.txt,2020-06-03,2020,6,应对评估，总要准备大量书面材料怎么办？｜“有效助残服务”圆桌对话回顾,8095,评估方法,False
2020-06-04_一篇俱全！共同看见，如何用评估提升公共服务的有效性？｜线上交流回顾.txt,2020-06-04,2020,6,一篇俱全！共同看见，如何用评估提升公共服务的有效性？｜线上交流回顾,5752,评估方法,False
2020-06-24_禁毒民警唱的《Mojito》再火，也抵不过“毒品饮料”？丨禁毒预防教育的难点与启示（上）.txt,2020-06-24,2020,6,禁毒民警唱的《Mojito》再火，也抵不过“毒品饮料”？丨禁毒预防教育的难点与启示（上）,2708,公益项目,False
2020-06-30_收藏阅读：禁毒月过后的深层次预防工作建议 ｜ 禁毒预防教育的难点与启示（下）.txt,2020-06-30,2020,6,收藏阅读：禁毒月过后的深层次预防工作建议 ｜ 禁毒预防教育的难点与启示（下）,4146,其他,False
2020-08-04_招社工研究生，有工作经验更佳！丨评估咨询全职招聘.txt,2020-08-04,2020,8,招社工研究生，有工作经验更佳！丨评估咨询全职招聘,1803,评估方法,False
2020-09-14_慈展会预告：用“小数据”打通公益项目管理丨我们在深圳见个面吧！.txt,2020-09-14,2020,9,慈展会预告：用“小数据”打通公益项目管理丨我们在深圳见个面吧！,1671,评估方法,False
2020-09-16_不能深入实地做项目的“需求调研”怎么办？别慌，还能“抢救”！.txt,2020-09-16,2020,9,不能深入实地做项目的“需求调研”怎么办？别慌，还能“抢救”！,2054,评估方法,False
2020-09-16_慈展会预告：用“小数据”打通公益项目管理丨我们在深圳见个面吧！.txt,2020-09-16,2020,9,慈展会预告：用“小数据”打通公益项目管理丨我们在深圳见个面吧！,1716,评估方法,False
2020-09-16_评估对公益项目的作用到底在哪？我们的回应是.txt,2020-09-16,2020,9,评估对公益项目的作用到底在哪？我们的回应是,1078,评估方法,False
2020-09-18_开篇丨以一个国际社区备灾案例读懂逻辑模型.txt,2020-09-18,2020,9,开篇丨以一个国际社区备灾案例读懂逻辑模型,2084,评估方法,False
2020-09-29_慈展会精华丨小组织也能发挥大势能，来自一家评估机构的心声（内含国庆福利，赠送逻辑模型游戏盒子）.txt,2020-09-29,2020,9,慈展会精华丨小组织也能发挥大势能，来自一家评估机构的心声（内含国庆福利，赠送逻辑模型游戏盒子）,3147,评估方法,False
2020-10-10_志愿者招募丨公益项目评估电话回访.txt,2020-10-10,2020,10,志愿者招募丨公益项目评估电话回访,933,评估方法,False
2020-11-25_如何借助项目的实施过程，进一步做好需求调研？.txt,2020-11-25,2020,11,如何借助项目的实施过程，进一步做好需求调研？,1939,评估方法,False
2020-11-30_「转」共益创新引领科技价值：技术公益驱动行业信息化建设.txt,2020-11-30,2020,11,「转」共益创新引领科技价值：技术公益驱动行业信息化建设,3822,行业洞察,True
2021-01-06_新的一年，从档案开始：如何真正发挥“档案管理”的作用？.txt,2021-01-06,2021,1,新的一年，从档案开始：如何真正发挥“档案管理”的作用？,2144,评估方法,False
2021-04-07_“三入手、三明确”制定具有针对性的项目档案管理制度——以“儿童福利类项目”为例.txt,2021-04-07,2021,4,“三入手、三明确”制定具有针对性的项目档案管理制度——以“儿童福利类项目”为例,2172,政策动态,False
2021-04-07_多方共聚话评估！4月23日，相约2021年公益行业评估大会.txt,2021-04-07,2021,4,多方共聚话评估！4月23日，相约2021年公益行业评估大会,1514,评估方法,False
2021-04-07_招实习生，长期培养！有意转全职更佳丨评估咨询实习招聘.txt,2021-04-07,2021,4,招实习生，长期培养！有意转全职更佳丨评估咨询实习招聘,1750,评估方法,False
2021-04-28_用评估思维做知识型产品？能学还能玩！邀你来内测！.txt,2021-04-28,2021,4,用评估思维做知识型产品？能学还能玩！邀你来内测！,1369,评估方法,False
2021-07-07_招募项目经理（全职）、内容传播（兼职）丨寻找评估咨询方向的同行者.txt,2021-07-07,2021,7,招募项目经理（全职）、内容传播（兼职）丨寻找评估咨询方向的同行者,2735,评估方法,False
2021-07-08_「转」课程推荐 ｜ 仅剩一周：监测评估训练营招募即将截止.txt,2021-07-08,2021,7,「转」课程推荐 ｜ 仅剩一周：监测评估训练营招募即将截止,1571,评估方法,True
2021-07-08_和盘托出！一场在“玩中学”的逻辑模型工作坊，怎么做到开脑不烧脑？.txt,2021-07-08,2021,7,和盘托出！一场在“玩中学”的逻辑模型工作坊，怎么做到开脑不烧脑？,2894,评估方法,False
2021-07-20_招募项目经理（全职）、内容传播（兼职）丨寻找评估咨询方向的同行者.txt,2021-07-20,2021,7,招募项目经理（全职）、内容传播（兼职）丨寻找评估咨询方向的同行者,2731,评估方法,False
2021-07-20_用一套工作坊产品包，支持公益伙伴在“玩中学”项目方案、建立框架思维丨案例分享（中）.txt,2021-07-20,2021,7,用一套工作坊产品包，支持公益伙伴在“玩中学”项目方案、建立框架思维丨案例分享（中）,3400,评估方法,False
2021-07-20_和盘托出！如何用“游戏化”支持公益伙伴学习逻辑模型 ｜ 案例分享（上）.txt,2021-07-20,2021,7,和盘托出！如何用“游戏化”支持公益伙伴学习逻辑模型 ｜ 案例分享（上）,2894,评估方法,False
2021-08-04_被低估的培训工具：用正向反馈推动学习丨“逻辑模型”产品包案例分享（下）.txt,2021-08-04,2021,8,被低估的培训工具：用正向反馈推动学习丨“逻辑模型”产品包案例分享（下）,4530,评估方法,False
2021-08-31_线上开箱丨“逻辑模型”工作坊产品包里有什么、怎么结合培训使用？周四晚等你来！.txt,2021-08-31,2021,8,线上开箱丨“逻辑模型”工作坊产品包里有什么、怎么结合培训使用？周四晚等你来！,493,评估方法,False
2021-09-14_招募项目经理（全职、实习）、内容运营（全职）丨寻找评估咨询方向的同行者.txt,2021-09-14,2021,9,招募项目经理（全职、实习）、内容运营（全职）丨寻找评估咨询方向的同行者,3193,评估方法,False
2021-10-26_招聘丨行政兼出纳专员.txt,2021-10-26,2021,10,招聘丨行政兼出纳专员,1486,评估方法,False
2022-03-02_2022年招募：全职战略公益咨询分析师、公益项目评估经理、传播与内容运营官员.txt,2022-03-02,2022,3,2022年招募：全职战略公益咨询分析师、公益项目评估经理、传播与内容运营官员,1775,评估方法,False
2022-06-17_YESLIN招聘丨政府条线业务负责人、战略公益咨询分析师.txt,2022-06-17,2022,6,招聘丨政府条线业务负责人、战略公益咨询分析师,2077,评估方法,False
2022-08-16_行业洞察 ｜ 社会力量参与“大健康”的六大路径.txt,2022-08-16,2022,8,行业洞察 ｜ 社会力量参与“大健康”的六大路径,2692,行业洞察,False
2022-08-20_行业洞察 ｜ 对乡村医生群体未来发展的初探.txt,2022-08-20,2022,8,行业洞察 ｜ 对乡村医生群体未来发展的初探,2886,行业洞察,False
2022-09-02_招募：评估咨询类项目经理丨寻找评估咨询方向的同行者.txt,2022-09-02,2022,9,招募：评估咨询类项目经理丨寻找评估咨询方向的同行者,1069,评估方法,False
2022-10-19_益生信 X 北京工业大学 签订校外实践基地啦！.txt,2022-10-19,2022,10, X 北京工业大学 签订校外实践基地啦！,440,其他,False
2022-11-07_招募：新媒体运营专员、实习生.txt,2022-11-07,2022,11,招募：新媒体运营专员、实习生,1280,评估方法,False
2022-11-17_「转」特邀赠票 ｜ 2022斯坦福中国社会创新峰会.txt,2022-11-17,2022,11,「转」特邀赠票 ｜ 2022斯坦福中国社会创新峰会,1136,公益项目,True
2022-11-20_重磅预告｜《社会组织参与留守儿童关爱保护领域扫描及案例研究》报告即将发布.txt,2022-11-20,2022,11,重磅预告｜《社会组织参与留守儿童关爱保护领域扫描及案例研究》报告即将发布,3004,评估方法,False
2022-11-30_招募：新媒体运营专员、实习生.txt,2022-11-30,2022,11,招募：新媒体运营专员、实习生,1280,评估方法,False
2022-12-05_活动报名 ｜ 社会各界力量如何在健康中国行动中实现共享价值？.txt,2022-12-05,2022,12,活动报名 ｜ 社会各界力量如何在健康中国行动中实现共享价值？,1567,行业洞察,False
2022-12-15_中国人口福利基金会邀请您填写“健康中国行动”调研问卷.txt,2022-12-15,2022,12,中国人口福利基金会邀请您填写“健康中国行动”调研问卷,634,政策动态,False
2023-01-14_「转」正式发布 ｜《社会组织参与留守儿童关爱保护领域扫描及案例研究报告》.txt,2023-01-14,2023,1,「转」正式发布 ｜《社会组织参与留守儿童关爱保护领域扫描及案例研究报告》,4734,行业洞察,True
2023-01-19_健康中国行动领域扫描启动！诚邀社会组织伙伴加入研究，与您一起，共创未来！.txt,2023-01-19,2023,1,健康中国行动领域扫描启动！诚邀社会组织伙伴加入研究，与您一起，共创未来！,1451,政策动态,False
2023-02-06_「转」ESG观察 ｜ 达成“双碳目标”，亟待实现粮食系统转型.txt,2023-02-06,2023,2,「转」ESG观察 ｜ 达成“双碳目标”，亟待实现粮食系统转型,2690,行业洞察,True
2023-02-07_「转」ESG观察 ｜ 粮食系统转型助推碳达标，食品行业供应链企业环境指标改善.txt,2023-02-07,2023,2,「转」ESG观察 ｜ 粮食系统转型助推碳达标，食品行业供应链企业环境指标改善,1946,评估方法,True
2023-02-10_「转」ESG观察 ｜ 方兴未艾，中国互联网大厂ESG实践行还是不行？.txt,2023-02-10,2023,2,「转」ESG观察 ｜ 方兴未艾，中国互联网大厂ESG实践行还是不行？,2352,行业洞察,True
2023-02-15_「转」ESG观察 ｜ 中国互联网大厂ESG典型案例与实践路径.txt,2023-02-15,2023,2,「转」ESG观察 ｜ 中国互联网大厂ESG典型案例与实践路径,2399,评估方法,True
2023-03-06_ESG观察 ｜ 任重道远，责任视角下的养老基金ESG投资.txt,2023-03-06,2023,3,ESG观察 ｜ 任重道远，责任视角下的养老基金ESG投资,3918,行业洞察,False
2023-03-16_公益观察 ｜ 农村女性赋能的公益创新和实践路径.txt,2023-03-16,2023,3,公益观察 ｜ 农村女性赋能的公益创新和实践路径,1885,政策动态,False
2023-03-27_「转」ESG私董会 ｜ 规避乱象、厘清价值，多元视角中的ESG.txt,2023-03-27,2023,3,「转」ESG私董会 ｜ 规避乱象、厘清价值，多元视角中的ESG,3206,行业洞察,True
2023-04-07_「转」ESG观察 ｜ 央企上市公司ESG现状和发展.txt,2023-04-07,2023,4,「转」ESG观察 ｜ 央企上市公司ESG现状和发展,2615,行业洞察,True
2023-04-07_招募：评估咨询类项目助理（实习生）.txt,2023-04-07,2023,4,招募：评估咨询类项目助理（实习生）,1218,评估方法,False
2023-04-07_招募：评估咨询类项目经理（全职）丨寻找评估咨询方向的同行者.txt,2023-04-07,2023,4,招募：评估咨询类项目经理（全职）丨寻找评估咨询方向的同行者,1183,评估方法,False
2023-05-08_世界微笑日 ｜ 邀您一起守护孩子们的“幸福微笑”.txt,2023-05-08,2023,5,世界微笑日 ｜ 邀您一起守护孩子们的“幸福微笑”,850,评估方法,False
2023-07-17_报告发布 ｜ 社会组织参与健康中国行动的探索观察——基于117家社会组织案例.txt,2023-07-17,2023,7,报告发布 ｜ 社会组织参与健康中国行动的探索观察——基于117家社会组织案例,4788,行业洞察,False
2023-08-01_参会报名 ｜ 2023年公益评估大会：转型时代下的公益评估：定位、价值与方向.txt,2023-08-01,2023,8,参会报名 ｜ 2023年公益评估大会：转型时代下的公益评估：定位、价值与方向,28,评估方法,False
2023-09-11_「转」社会组织参与国际倡导平台能力建设研讨会在京顺利举办.txt,2023-09-11,2023,9,「转」社会组织参与国际倡导平台能力建设研讨会在京顺利举办,2289,评估方法,True
2023-10-08_招募：政府购买公共服务项目评估助理（实习生）.txt,2023-10-08,2023,10,招募：政府购买公共服务项目评估助理（实习生）,1257,评估方法,False
2023-10-08_招募：评估咨询类项目经理（全职）丨寻找评估咨询方向的同行者.txt,2023-10-08,2023,10,招募：评估咨询类项目经理（全职）丨寻找评估咨询方向的同行者,1192,评估方法,False
2023-10-17_「转」2023第七届良食大会·部分议程公布！（内附参会方式）.txt,2023-10-17,2023,10,「转」2023第七届良食大会·部分议程公布！（内附参会方式）,904,评估方法,True
2024-01-08_2024年中国志愿服务发展指数组织（VIO）面试官招募书.txt,2024-01-08,2024,1,2024年中国志愿服务发展指数组织（VIO）面试官招募书,1022,行业洞察,False
2024-01-17_转载 ｜ 共同看见彼此，梁秀伙伴学习之旅.txt,2024-01-17,2024,1,转载 ｜ 共同看见彼此，梁秀伙伴学习之旅,2316,公益项目,True
2024-02-06_2023第三方评估行业年会在京举行，益生信参与团体标准起草.txt,2024-02-06,2024,2,2023第三方评估行业年会在京举行，参与团体标准起草,3150,政策动态,False
2024-02-27_招募：基金会项目评估咨询实习生（3人）.txt,2024-02-27,2024,2,招募：基金会项目评估咨询实习生（3人）,1170,评估方法,False
2024-03-11_招募：政购项目评估实习生（3人）.txt,2024-03-11,2024,3,招募：政购项目评估实习生（3人）,1187,政策动态,False
2024-03-27_公益观察 ｜ 社会组织与乡村儿童发展.txt,2024-03-27,2024,3,公益观察 ｜ 社会组织与乡村儿童发展,2164,行业洞察,False
2024-04-12_公益行业也需要审计吗？.txt,2024-04-12,2024,4,公益行业也需要审计吗？,1777,评估方法,False
2025-01-28_祝善美路上的你我他，永远坚定自信.txt,2025-01-28,2025,1,祝善美路上的你我他，永远坚定自信,15,其他,False
2026-03-23_诚意招募：项目主管、项目助理、实习生.txt,2026-03-23,2026,3,诚意招募：项目主管、项目助理、实习生,1932,评估方法,False
